Unique Item Name;
GT SRC - Snap Frame (V) - 80x40 cm - Photopaper - MLA16 35K;
GT SRC - Snap Frame (H) - 40x80 cm - Photopaper - MLA16 35K;
GT Stand Alone - Shop Sign Pole (V) - 200x100 cm - Sticker Blockout - MLA16 35K;
GT Stand Alone - Tin Plate (H) - 100x200 cm - Sticker Blockout - MLA16 35K;
GT Stand Alone - TTD Big (H) - 25.5x72.5 cm - Art Carton - MLA16 35K;
GT Stand Alone - TTD Medium (H) - 20x58 cm - Art Carton - MLA16 35K;
GT Stand Alone - TTD Fit (H) - 15x40 cm - Art Carton - MLA16 35K;
WS Mitra Sampoerna - Info Board (H) - 44.5x46.5 cm - Photopaper - MLA16 35K;
GT SRC - Shop Sign Pole (V) - 200x100 cm - Sticker Blockout - MLA16 35K;
GT SRC - Backwall Topline (H) - 40x120 cm - Duratrans - MLA16 35K;
GT SRC - New Backwall SRC 2017 (H) - 99.5x56.5 cm - Duratrans - MLA16 35K;
GT SRC - New Cigarette Cabinet SRC 2017 (H) - 99.5x56.5 cm - Duratrans - MLA16 35K;
GT SRC - Cigarette Cabinet Gen 1 (H) - 25.5x72.5 cm - Photopaper - MLA16 35K;
WS Mitra Sampoerna - Header Backwall (H) - 44.5x46.5 cm - Photopaper - MLA16 35K;
WS Mitra Sampoerna - Header Backwall (H) - 44.5x96.5 cm - Photopaper - MLA16 35K;
WS Mitra Sampoerna - Info Board (H) - 44.5x71.5 cm - Photopaper - MLA16 35K;
TPOSM - Sunscreen Without Velcro - 0.5x1 m - Vinyl FF Frontlight 10 Oz - MLA16 35K;
TPOSM - Sunscreen Without Velcro - 0.7x2 m - Vinyl FF Frontlight 10 Oz - MLA16 35K;
TPOSM - Sunscreen Without Velcro - 0.7x3 m - Vinyl FF Frontlight 10 Oz - MLA16 35K;
TPOSM - Sunscreen Without Velcro - 0.7x4 m - Vinyl FF Frontlight 10 Oz - MLA16 35K;
TPOSM - Sunscreen Without Velcro - 1x2 m - Vinyl FF Frontlight 10 Oz - MLA16 35K;
TPOSM - Sunscreen Without Velcro - 1x3 m - Vinyl FF Frontlight 10 Oz - MLA16 35K;
TPOSM - Sunscreen Without Velcro - 1x4 m - Vinyl FF Frontlight 10 Oz - MLA16 35K;
TPOSM - Sticker - 40x40 cm - Sticker Chromo - MLA16 35K;
GT SRC - Backwall SRC Elevate (H) - 27.7x97.7 cm - Duratrans - MLA16 35K;
GT SRC - Waterfall Backwall SRC Elevate (H) - 27.7x47.6 cm - Duratrans - MLA16 35K;
WS Mitra Sampoerna - Header Backwall (H) - 48x47.5 cm - Photopaper - MLA16 35K;
WS Mitra Sampoerna - Header Backwall (H) - 48x97.5 cm - Photopaper - MLA16 35K;
WS Mitra Sampoerna - Header Backwall (H) - 44.5x320 cm - Photopaper - MLA16 35K;
WS Mitra Sampoerna - Header Backwall (H) - 44.5x290 cm - Photopaper - MLA16 35K;
WS Mitra Sampoerna - Shop Sign Mitra Sampoerna (H) - 90x140 cm - Vinyl FF Frontlight - MLA16 35K;
GT SRC - Backwall Expose (H) - 45x100 cm - Duratrans - MLA16 35K;
WS Stand Alone - Shop Sign Non Pole (H) - 100x600 cm - Sticker Blockout - MLA16 35K;
GT SRC - Shop Sign SRC Elevate (H) - 94x164 cm - Vinyl FF Backlite - MLA16 35K;
WS Stand Alone - Shop Sign Non Pole (H) - 100x400 cm - Sticker Blockout - MLA16 35K;
TPOSM - Sunscreen Without Velcro - 0.7x2 m - Vinyl FF Frontlight 10 Oz - AVO20;
TPOSM - Sunscreen Without Velcro - 0.7x3 m - Vinyl FF Frontlight 10 Oz - AVO20;
TPOSM - Sunscreen Without Velcro - 0.7x4 m - Vinyl FF Frontlight 10 Oz - AVO20;
TPOSM - Sunscreen Without Velcro - 1x2 m - Vinyl FF Frontlight 10 Oz - AVO20;
TPOSM - Sunscreen Without Velcro - 1x3 m - Vinyl FF Frontlight 10 Oz - AVO20;
TPOSM - Sunscreen Without Velcro - 1x4 m - Vinyl FF Frontlight 10 Oz - AVO20;
TPOSM - Sunscreen Without Velcro - 0.5x1 m - Vinyl FF Frontlight 10 Oz - AVO20;
TPOSM - Sunscreen Without Velcro - 0.5x1 m - Vinyl FF Frontlight 10 Oz - DSE12 25K;
TPOSM - Sunscreen Without Velcro - 0.7x2 m - Vinyl FF Frontlight 10 Oz - DSE12 25K;
TPOSM - Sunscreen Without Velcro - 0.7x3 m - Vinyl FF Frontlight 10 Oz - DSE12 25K;
TPOSM - Sunscreen Without Velcro - 0.7x4 m - Vinyl FF Frontlight 10 Oz - DSE12 25K;
TPOSM - Sunscreen Without Velcro - 1x2 m - Vinyl FF Frontlight 10 Oz - DSE12 25K;
TPOSM - Sunscreen Without Velcro - 1x3 m - Vinyl FF Frontlight 10 Oz - DSE12 25K;
TPOSM - Sunscreen Without Velcro - 1x4 m - Vinyl FF Frontlight 10 Oz - DSE12 25K;
TPOSM - Sticker - 40x40 cm - Sticker Chromo - DSE12 25K;
GT SRC - Shop Sign Pole (V) - 200x100 cm - Sticker Blockout - DSE12 25K;
GT SRC - Snap Frame (V) - 80x40 cm - Photopaper - DSE12 25K;
GT SRC - Snap Frame (H) - 40x80 cm - Photopaper - DSE12 25K;
GT Stand Alone - Shop Sign Pole (V) - 200x100 cm - Sticker Blockout - DSE12 25K;
GT Stand Alone - Tin Plate (H) - 100x200 cm - Sticker Blockout - DSE12 25K;
GT Stand Alone - TTD Big (H) - 25.5x72.5 cm - Art Carton - DSE12 25K;
GT Stand Alone - TTD Medium (H) - 20x58 cm - Art Carton - DSE12 25K;
GT Stand Alone - TTD Fit (H) - 15x40 cm - Art Carton - DSE12 25K;
WS Mitra Sampoerna - Shop Sign Mitra Sampoerna (H) - 90x140 cm - Vinyl FF Frontlight - DSE12 25K;
WS Mitra Sampoerna - Header Backwall (H) - 48x47.5 cm - Photopaper - DSE12 25K;
WS Mitra Sampoerna - Header Backwall (H) - 44.5x46.5 cm - Photopaper - DSE12 25K;
WS Mitra Sampoerna - Info Board (H) - 44.5x46.5 cm - Photopaper - DSE12 25K;
GT SRC - Backwall SRC Elevate (H) - 27.7x97.7 cm - Duratrans - DSE12 25K;
WS Mitra Sampoerna - Header Backwall (H) - 48x97.5 cm - Photopaper - DSE12 25K;
WS Mitra Sampoerna - Info Board (H) - 44.5x71.5 cm - Photopaper - DSE12 25K;
WS Mitra Sampoerna - Info Board (H) - 48x47.5 cm - Photopaper - DSE12 25K;
WS Mitra Sampoerna - Info Board (H) - 48x72.5 cm - Photopaper - DSE12 25K;
WS Stand Alone - Shop Sign Non Pole (H) - 100x400 cm - Sticker Blockout - DSE12 25K;
WS Stand Alone - Shop Sign Non Pole (H) - 100x600 cm - Sticker Blockout - DSE12 25K;
TPOSM - Sunscreen Without Velcro - 0.5x1 m - Vinyl FF Frontlight 10 Oz - DPP12 20K;
TPOSM - Sunscreen Without Velcro - 0.7x2 m - Vinyl FF Frontlight 10 Oz - DPP12 20K;
TPOSM - Sunscreen Without Velcro - 0.7x3 m - Vinyl FF Frontlight 10 Oz - DPP12 20K;
TPOSM - Sunscreen Without Velcro - 0.7x4 m - Vinyl FF Frontlight 10 Oz - DPP12 20K;
TPOSM - Sunscreen Without Velcro - 1x2 m - Vinyl FF Frontlight 10 Oz - DPP12 20K;
TPOSM - Sunscreen Without Velcro - 1x3 m - Vinyl FF Frontlight 10 Oz - DPP12 20K;
TPOSM - Sunscreen Without Velcro - 1x4 m - Vinyl FF Frontlight 10 Oz - DPP12 20K;
TPOSM - Sticker - 40x40 cm - Sticker Chromo - DPP12 20K;
GT SRC - Snap Frame (V) - 80x40 cm - Photopaper - DPP12 20K;
GT SRC - Snap Frame (H) - 40x80 cm - Photopaper - DPP12 20K;
GT Stand Alone - Shop Sign Pole (V) - 200x100 cm - Sticker Blockout - DPP12 20K;
GT Stand Alone - Tin Plate (H) - 100x200 cm - Sticker Blockout - DPP12 20K;
GT Stand Alone - TTD Big (H) - 25.5x72.5 cm - Art Carton - DPP12 20K;
GT Stand Alone - TTD Medium (H) - 20x58 cm - Art Carton - DPP12 20K;
GT Stand Alone - TTD Fit (H) - 15x40 cm - Art Carton - DPP12 20K;
WS Mitra Sampoerna - Info Board (H) - 44.5x46.5 cm - Photopaper - DPP12 20K;
GT SRC - Shop Sign Pole (V) - 200x100 cm - Sticker Blockout - DPP12 20K;
GT SRC - Backwall Topline (H) - 40x120 cm - Duratrans - DPP12 20K;
GT SRC - New Backwall SRC 2017 (H) - 99.5x56.5 cm - Duratrans - DPP12 20K;
GT SRC - New Cigarette Cabinet SRC 2017 (H) - 99.5x56.5 cm - Duratrans - DPP12 20K;
GT SRC - Cigarette Cabinet Gen 1 (H) - 25.5x72.5 cm - Photopaper - DPP12 20K;
WS Mitra Sampoerna - Header Backwall (H) - 44.5x46.5 cm - Photopaper - DPP12 20K;
WS Mitra Sampoerna - Header Backwall (H) - 44.5x96.5 cm - Photopaper - DPP12 20K;
WS Mitra Sampoerna - Info Board (H) - 44.5x71.5 cm - Photopaper - DPP12 20K;
GT SRC - Backwall Expose (H) - 45x100 cm - Duratrans - DPP12 20K;
WS Mitra Sampoerna - Shop Sign Mitra Sampoerna (H) - 90x140 cm - Vinyl FF Frontlight - DPP12 20K;
WS Mitra Sampoerna - Header Backwall (H) - 48x47.5 cm - Photopaper - DPP12 20K;
WS Mitra Sampoerna - Header Backwall (H) - 48x97.5 cm - Photopaper - DPP12 20K;
GT SRC - Shop Sign SRC Elevate (H) - 94x164 cm - Vinyl FF Backlite - DPP12 20K;
WS Mitra Sampoerna - Info Board (H) - 48x47.5 cm - Photopaper - DPP12 20K;
WS Mitra Sampoerna - Info Board (H) - 48x72.5 cm - Photopaper - DPP12 20K;
WS Stand Alone - Shop Sign Non Pole (H) - 100x400 cm - Sticker Blockout - DPP12 20K;
GT SRC - Shop Sign SRC Elevate (H) - 94x518 cm - Vinyl FF Backlite - DPP12 20K;
WS Stand Alone - Shop Sign Non Pole (H) - 100x600 cm - Sticker Blockout - DPP12 20K;
TPOSM - Sunscreen Without Velcro - 0.5x1 m - Vinyl FF Frontlight 10 Oz - DSB12;
TPOSM - Sunscreen Without Velcro - 0.7x2 m - Vinyl FF Frontlight 10 Oz - DSB12;
TPOSM - Sunscreen Without Velcro - 0.7x3 m - Vinyl FF Frontlight 10 Oz - DSB12;
TPOSM - Sunscreen Without Velcro - 0.7x4 m - Vinyl FF Frontlight 10 Oz - DSB12;
TPOSM - Sunscreen Without Velcro - 1x2 m - Vinyl FF Frontlight 10 Oz - DSB12;
TPOSM - Sunscreen Without Velcro - 1x3 m - Vinyl FF Frontlight 10 Oz - DSB12;
TPOSM - Sunscreen Without Velcro - 1x4 m - Vinyl FF Frontlight 10 Oz - DSB12;
GT SRC - Snap Frame (V) - 80x40 cm - Photopaper - DSB12;
GT SRC - New Backwall SRC 2017 (H) - 99.5x56.5 cm - Duratrans - DSB12;
GT SRC - New Cigarette Cabinet SRC 2017 (H) - 99.5x56.5 cm - Duratrans - DSB12;
WS Mitra Sampoerna - Info Board (H) - 44.5x46.5 cm - Photopaper - DSB12;
GT Stand Alone - TTD Big (H) - 25.5x72.5 cm - Art Carton - DSB12;
GT Stand Alone - TTD Medium (H) - 20x58 cm - Art Carton - DSB12;
GT Stand Alone - TTD Fit (H) - 15x40 cm - Art Carton - DSB12;
GT SRC - Snap Frame (H) - 40x80 cm - Photopaper - DSB12;
GT SRC - Cigarette Cabinet Gen 1 (H) - 25.5x72.5 cm - Photopaper - DSB12;
WS Mitra Sampoerna - Header Backwall (H) - 44.5x46.5 cm - Photopaper - DSB12;
WS Mitra Sampoerna - Header Backwall (H) - 48x47.5 cm - Photopaper - DSB12;
WS Mitra Sampoerna - Header Backwall (H) - 48x97.5 cm - Photopaper - DSB12;
WS Mitra Sampoerna - Header Backwall (H) - 44.5x96.5 cm - Photopaper - DSB12;
WS Mitra Sampoerna - Header Backwall (H) - 44.5x320 cm - Photopaper - DSB12;
GT SRC - Backwall SRC Elevate (H) - 27.7x97.7 cm - Duratrans - DPP12 20K;
GT SRC - Waterfall Backwall SRC Elevate (H) - 27.7x47.6 cm - Duratrans - DPP12 20K;
WS Mitra Sampoerna - Header Backwall (H) - 44.5x320 cm - Photopaper - DPP12 20K;
WS Mitra Sampoerna - Header Backwall (H) - 44.5x290 cm - Photopaper - DPP12 20K;
TPOSM - Sunscreen Without Velcro - 0.7x2 m - Vinyl FF Frontlight 10 Oz - MFM20;
TPOSM - Sunscreen Without Velcro - 0.7x3 m - Vinyl FF Frontlight 10 Oz - MFM20;
TPOSM - Sunscreen Without Velcro - 0.7x4 m - Vinyl FF Frontlight 10 Oz - MFM20;
TPOSM - Sunscreen Without Velcro - 1x2 m - Vinyl FF Frontlight 10 Oz - MFM20;
TPOSM - Sunscreen Without Velcro - 1x3 m - Vinyl FF Frontlight 10 Oz - MFM20;
TPOSM - Sticker - 40x40 cm - Sticker Chromo - MFM20;
GT Stand Alone - TTD Big (H) - 25.5x72.5 cm - Art Carton - MFM20;
GT Stand Alone - TTD Medium (H) - 20x58 cm - Art Carton - MFM20;
GT Stand Alone - TTD Fit (H) - 15x40 cm - Art Carton - MFM20;
TPOSM - Sunscreen Without Velcro - 0.5x1 m - Vinyl FF Frontlight 10 Oz - MFM20;
TPOSM - Sunscreen Without Velcro - 1x4 m - Vinyl FF Frontlight 10 Oz - MFM20;
TPOSM - Sunscreen Without Velcro - 0.7x2 m - Vinyl FF Frontlight 10 Oz - MFB12;
TPOSM - Sunscreen Without Velcro - 0.7x3 m - Vinyl FF Frontlight 10 Oz - MFB12;
TPOSM - Sunscreen Without Velcro - 0.7x4 m - Vinyl FF Frontlight 10 Oz - MFB12;
TPOSM - Sunscreen Without Velcro - 1x2 m - Vinyl FF Frontlight 10 Oz - MFB12;
TPOSM - Sunscreen Without Velcro - 1x3 m - Vinyl FF Frontlight 10 Oz - MFB12;
TPOSM - Sunscreen Without Velcro - 1x4 m - Vinyl FF Frontlight 10 Oz - MFB12;
TPOSM - Sticker - 40x40 cm - Sticker Chromo - MFB12;
GT SRC - Snap Frame (V) - 80x40 cm - Photopaper - MFM12;
GT Stand Alone - TTD Big (H) - 25.5x72.5 cm - Art Carton - MFM12;
GT Stand Alone - TTD Medium (H) - 20x58 cm - Art Carton - MFM12;
GT Stand Alone - TTD Fit (H) - 15x40 cm - Art Carton - MFM12;
WS Mitra Sampoerna - Header Backwall (H) - 48x47.5 cm - Photopaper - MFM12;
WS Mitra Sampoerna - Header Backwall (H) - 48x97.5 cm - Photopaper - MFM12;
WS Mitra Sampoerna - Header Backwall (H) - 44.5x46.5 cm - Photopaper - MFM12;
GT SRC - Snap Frame (H) - 40x80 cm - Photopaper - MFM12;
WS Mitra Sampoerna - Header Backwall (H) - 44.5x96.5 cm - Photopaper - MFM12;
WS Mitra Sampoerna - Header Backwall (H) - 44.5x320 cm - Photopaper - MFM12;
WS Mitra Sampoerna - Header Backwall (H) - 44.5x290 cm - Photopaper - MFM12;
WS Mitra Sampoerna - Info Board (H) - 48x47.5 cm - Photopaper - MFM12;
WS Mitra Sampoerna - Info Board (H) - 48x72.5 cm - Photopaper - MFM12;
WS Mitra Sampoerna - Info Board (H) - 44.5x71.5 cm - Photopaper - MFM12;
GT SRC - Backwall SRC Elevate (H) - 27.7x97.7 cm - Duratrans - MFM12;
GT SRC - Backwall Topline (H) - 40x120 cm - Duratrans - MFM12;
GT SRC - New Backwall SRC 2017 (H) - 99.5x56.5 cm - Duratrans - MFM12;
GT SRC - New Cigarette Cabinet SRC 2017 (H) - 99.5x56.5 cm - Duratrans - MFM12;
GT SRC - Cigarette Cabinet Gen 1 (H) - 25.5x72.5 cm - Photopaper - MFM12;
GT SRC - Shop Sign SRC Elevate (H) - 94x164 cm - Vinyl FF Backlite - MFB12;
GT SRC - Shop Sign SRC Elevate (H) - 94x518 cm - Vinyl FF Backlite - MFB12;
GT SRC - Shop Sign Pole (V) - 200x100 cm - Sticker Blockout - MFB12;
GT SRC - Snap Frame (V) - 80x40 cm - Photopaper - MFB12;
GT SRC - Snap Frame (H) - 40x80 cm - Photopaper - MFB12;
GT SRC - Backwall Topline (H) - 40x120 cm - Duratrans - MFB12;
GT SRC - New Backwall SRC 2017 (H) - 99.5x56.5 cm - Duratrans - MFB12;
GT SRC - New Cigarette Cabinet SRC 2017 (H) - 99.5x56.5 cm - Duratrans - MFB12;
GT SRC - Cigarette Cabinet Gen 1 (H) - 25.5x72.5 cm - Photopaper - MFB12;
GT Stand Alone - Shop Sign Pole (V) - 200x100 cm - Sticker Blockout - MFB12;
GT Stand Alone - Tin Plate (H) - 100x200 cm - Sticker Blockout - MFB12;
GT Stand Alone - TTD Big (H) - 25.5x72.5 cm - Art Carton - MFB12;
GT Stand Alone - TTD Medium (H) - 20x58 cm - Art Carton - MFB12;
GT Stand Alone - TTD Fit (H) - 15x40 cm - Art Carton - MFB12;
WS Mitra Sampoerna - Shop Sign Mitra Sampoerna (H) - 90x140 cm - Vinyl FF Frontlight - MFB12;
WS Mitra Sampoerna - Info Board (H) - 44.5x46.5 cm - Photopaper - MFB12;
TPOSM - Sunscreen Without Velcro - 0.5x1 m - Vinyl FF Frontlight 10 Oz - MFM12;
TPOSM - Sunscreen Without Velcro - 0.7x2 m - Vinyl FF Frontlight 10 Oz - MFM12;
TPOSM - Sunscreen Without Velcro - 0.7x3 m - Vinyl FF Frontlight 10 Oz - MFM12;
TPOSM - Sunscreen Without Velcro - 1x2 m - Vinyl FF Frontlight 10 Oz - MFM12;
TPOSM - Sunscreen Without Velcro - 1x3 m - Vinyl FF Frontlight 10 Oz - MFM12;
TPOSM - Sticker - 40x40 cm - Sticker Chromo - MFM12;
TPOSM - Sunscreen Without Velcro - 0.5x1 m - Vinyl FF Frontlight 10 Oz - MFB12;
GT SRC - Backwall Expose (H) - 45x100 cm - Duratrans - MFB12;
WS Mitra Sampoerna - Header Backwall (H) - 48x47.5 cm - Photopaper - MFB12;
WS Mitra Sampoerna - Header Backwall (H) - 48x97.5 cm - Photopaper - MFB12;
WS Stand Alone - Shop Sign Non Pole (H) - 100x400 cm - Sticker Blockout - MFB12;
WS Stand Alone - Shop Sign Non Pole (H) - 100x600 cm - Sticker Blockout - MFB12;
GT SRC - Snap Frame (V) - 80x40 cm - Photopaper - MFM20;
GT SRC - New Backwall SRC 2017 (H) - 99.5x56.5 cm - Duratrans - MFM20;
GT SRC - New Cigarette Cabinet SRC 2017 (H) - 99.5x56.5 cm - Duratrans - MFM20;
WS Mitra Sampoerna - Header Backwall (H) - 44.5x290 cm - Photopaper - MFM20;
WS Mitra Sampoerna - Info Board (H) - 44.5x46.5 cm - Photopaper - MFM20;
TPOSM - Sunscreen Without Velcro - 0.5x1 m - Vinyl FF Frontlight 10 Oz - MFB20;
TPOSM - Sunscreen Without Velcro - 0.7x2 m - Vinyl FF Frontlight 10 Oz - MFB20;
TPOSM - Sunscreen Without Velcro - 0.7x3 m - Vinyl FF Frontlight 10 Oz - MFB20;
TPOSM - Sunscreen Without Velcro - 0.7x4 m - Vinyl FF Frontlight 10 Oz - MFB20;
TPOSM - Sunscreen Without Velcro - 1x2 m - Vinyl FF Frontlight 10 Oz - MFB20;
TPOSM - Sunscreen Without Velcro - 1x3 m - Vinyl FF Frontlight 10 Oz - MFB20;
TPOSM - Sunscreen Without Velcro - 1x4 m - Vinyl FF Frontlight 10 Oz - MFB20;
TPOSM - Sticker - 40x40 cm - Sticker Chromo - MFB20;
GT SRC - Shop Sign Pole (V) - 200x100 cm - Sticker Blockout - MFB20;
GT SRC - Snap Frame (V) - 80x40 cm - Photopaper - MFB20;
GT SRC - New Backwall SRC 2017 (H) - 99.5x56.5 cm - Duratrans - MFB20;
GT SRC - New Cigarette Cabinet SRC 2017 (H) - 99.5x56.5 cm - Duratrans - MFB20;
GT Stand Alone - Shop Sign Pole (V) - 200x100 cm - Sticker Blockout - MFB20;
GT Stand Alone - Tin Plate (H) - 100x200 cm - Sticker Blockout - MFB20;
WS Mitra Sampoerna - Shop Sign Mitra Sampoerna (H) - 90x140 cm - Vinyl FF Frontlight - MFB20;
WS Mitra Sampoerna - Header Backwall (H) - 44.5x290 cm - Photopaper - MFB20;
WS Mitra Sampoerna - Info Board (H) - 44.5x46.5 cm - Photopaper - MFB20;
WS Stand Alone - Shop Sign Non Pole (H) - 100x600 cm - Sticker Blockout - MFB20;
GT SRC - Shop Sign SRC Elevate (H) - 94x164 cm - Vinyl FF Backlite - MFB20;
GT SRC - Cigarette Cabinet Gen 1 (H) - 25.5x72.5 cm - Photopaper - MFB20;
GT Stand Alone - TTD Big (H) - 25.5x72.5 cm - Art Carton - MFB20;
GT Stand Alone - TTD Medium (H) - 20x58 cm - Art Carton - MFB20;
GT Stand Alone - TTD Fit (H) - 15x40 cm - Art Carton - MFB20;
GT SRC - Snap Frame (H) - 40x80 cm - Photopaper - MFM20;
GT SRC - Backwall Topline (H) - 40x120 cm - Duratrans - MFM20;
GT SRC - Cigarette Cabinet Gen 1 (H) - 25.5x72.5 cm - Photopaper - MFM20;
WS Mitra Sampoerna - Header Backwall (H) - 48x47.5 cm - Photopaper - MFM20;
WS Mitra Sampoerna - Header Backwall (H) - 48x97.5 cm - Photopaper - MFM20;
WS Mitra Sampoerna - Header Backwall (H) - 44.5x46.5 cm - Photopaper - MFM20;
GT SRC - Backwall SRC Elevate (H) - 27.7x97.7 cm - Duratrans - MFB20;
GT SRC - Waterfall Backwall SRC Elevate (H) - 27.7x47.6 cm - Duratrans - MFB20;
GT SRC - Snap Frame (H) - 40x80 cm - Photopaper - MFB20;
GT SRC - Backwall Topline (H) - 40x120 cm - Duratrans - MFB20;
WS Mitra Sampoerna - Header Backwall (H) - 48x47.5 cm - Photopaper - MFB20;
WS Mitra Sampoerna - Header Backwall (H) - 48x97.5 cm - Photopaper - MFB20;
WS Mitra Sampoerna - Header Backwall (H) - 44.5x46.5 cm - Photopaper - MFB20;
WS Mitra Sampoerna - Header Backwall (H) - 44.5x96.5 cm - Photopaper - MFB20;
WS Mitra Sampoerna - Info Board (H) - 44.5x71.5 cm - Photopaper - MFB20;
WS Stand Alone - Shop Sign Non Pole (H) - 100x400 cm - Sticker Blockout - MFB20;
WS Mitra Sampoerna - Header Backwall (H) - 44.5x96.5 cm - Photopaper - MFM20;
WS Mitra Sampoerna - Info Board (H) - 48x72.5 cm - Photopaper - MFB20;
WS Mitra Sampoerna - Info Board (H) - 48x47.5 cm - Photopaper - MFM20;
WS Mitra Sampoerna - Info Board (H) - 48x72.5 cm - Photopaper - MFM20;
WS Mitra Sampoerna - Header Backwall (H) - 44.5x320 cm - Photopaper - MFB20;
GT SRC - Backwall Expose (H) - 45x100 cm - Duratrans - MFM20;
GT SRC - Shop Sign SRC Elevate (H) - 94x518 cm - Vinyl FF Backlite - MFB20;
GT SRC - Backwall Expose (H) - 45x100 cm - Duratrans - MFB20;
GT SRC - Shop Sign SRC Elevate (H) - 94x164 cm - Vinyl FF Backlite - MFM20;
GT SRC - Shop Sign Pole (V) - 200x100 cm - Sticker Blockout - MFM20;
GT Stand Alone - Shop Sign Pole (V) - 200x100 cm - Sticker Blockout - MFM20;
GT Stand Alone - Tin Plate (H) - 100x200 cm - Sticker Blockout - MFM20;
WS Mitra Sampoerna - Shop Sign Mitra Sampoerna (H) - 90x140 cm - Vinyl FF Frontlight - MFM20;
WS Mitra Sampoerna - Info Board (H) - 44.5x71.5 cm - Photopaper - MFM20;
WS Stand Alone - Shop Sign Non Pole (H) - 100x400 cm - Sticker Blockout - MFM20;
GT SRC - Backwall SRC Elevate (H) - 27.7x97.7 cm - Duratrans - MFB12;
GT SRC - Waterfall Backwall SRC Elevate (H) - 27.7x47.6 cm - Duratrans - MFB12;
WS Mitra Sampoerna - Header Backwall (H) - 44.5x46.5 cm - Photopaper - MFB12;
WS Mitra Sampoerna - Info Board (H) - 44.5x71.5 cm - Photopaper - MFB12;
WS Mitra Sampoerna - Info Board (H) - 48x72.5 cm - Photopaper - MFB12;
TPOSM - Sunscreen Without Velcro - 0.5x1 m - Vinyl FF Frontlight 10 Oz - SPS12 15K;
TPOSM - Sunscreen Without Velcro - 0.7x2 m - Vinyl FF Frontlight 10 Oz - SPS12 15K;
TPOSM - Sunscreen Without Velcro - 0.7x3 m - Vinyl FF Frontlight 10 Oz - SPS12 15K;
TPOSM - Sunscreen Without Velcro - 0.7x4 m - Vinyl FF Frontlight 10 Oz - SPS12 15K;
TPOSM - Sunscreen Without Velcro - 1x2 m - Vinyl FF Frontlight 10 Oz - SPS12 15K;
TPOSM - Sunscreen Without Velcro - 1x3 m - Vinyl FF Frontlight 10 Oz - SPS12 15K;
TPOSM - Sunscreen Without Velcro - 1x4 m - Vinyl FF Frontlight 10 Oz - SPS12 15K;
TPOSM - Sticker - 40x40 cm - Sticker Chromo - SPS12 15K;
GT SRC - Shop Sign Pole (V) - 200x100 cm - Sticker Blockout - SPS12 15K;
GT SRC - Backwall SRC Elevate (H) - 27.7x97.7 cm - Duratrans - SPS12 15K;
GT SRC - Waterfall Backwall SRC Elevate (H) - 27.7x47.6 cm - Duratrans - SPS12 15K;
GT SRC - Snap Frame (V) - 80x40 cm - Photopaper - SPS12 15K;
GT SRC - Snap Frame (H) - 40x80 cm - Photopaper - SPS12 15K;
GT SRC - Backwall Topline (H) - 40x120 cm - Duratrans - SPS12 15K;
GT SRC - New Backwall SRC 2017 (H) - 99.5x56.5 cm - Duratrans - SPS12 15K;
GT SRC - New Cigarette Cabinet SRC 2017 (H) - 99.5x56.5 cm - Duratrans - SPS12 15K;
GT SRC - Backwall Expose (H) - 45x100 cm - Duratrans - SPS12 15K;
GT SRC - Cigarette Cabinet Gen 1 (H) - 25.5x72.5 cm - Photopaper - SPS12 15K;
GT Stand Alone - Shop Sign Pole (V) - 200x100 cm - Sticker Blockout - SPS12 15K;
GT Stand Alone - Tin Plate (H) - 100x200 cm - Sticker Blockout - SPS12 15K;
GT Stand Alone - TTD Big (H) - 25.5x72.5 cm - Art Carton - SPS12 15K;
GT Stand Alone - TTD Medium (H) - 20x58 cm - Art Carton - SPS12 15K;
GT Stand Alone - TTD Fit (H) - 15x40 cm - Art Carton - SPS12 15K;
WS Mitra Sampoerna - Shop Sign Mitra Sampoerna (H) - 90x140 cm - Vinyl FF Frontlight - SPS12 15K;
WS Mitra Sampoerna - Header Backwall (H) - 48x47.5 cm - Photopaper - SPS12 15K;
WS Mitra Sampoerna - Header Backwall (H) - 44.5x46.5 cm - Photopaper - SPS12 15K;
WS Mitra Sampoerna - Info Board (H) - 44.5x46.5 cm - Photopaper - SPS12 15K;
GT SRC - Shop Sign SRC Elevate (H) - 94x164 cm - Vinyl FF Backlite - SPS12 15K;
WS Mitra Sampoerna - Header Backwall (H) - 48x97.5 cm - Photopaper - SPS12 15K;
WS Mitra Sampoerna - Header Backwall (H) - 44.5x96.5 cm - Photopaper - SPS12 15K;
WS Mitra Sampoerna - Header Backwall (H) - 44.5x320 cm - Photopaper - SPS12 15K;
WS Mitra Sampoerna - Header Backwall (H) - 44.5x290 cm - Photopaper - SPS12 15K;
WS Mitra Sampoerna - Info Board (H) - 48x47.5 cm - Photopaper - SPS12 15K;
WS Mitra Sampoerna - Info Board (H) - 48x72.5 cm - Photopaper - SPS12 15K;
WS Stand Alone - Shop Sign Non Pole (H) - 100x400 cm - Sticker Blockout - SPS12 15K;
GT SRC - Shop Sign SRC Elevate (H) - 94x518 cm - Vinyl FF Backlite - SPS12 15K;
WS Mitra Sampoerna - Info Board (H) - 44.5x71.5 cm - Photopaper - SPS12 15K;
WS Stand Alone - Shop Sign Non Pole (H) - 100x600 cm - Sticker Blockout - SPS12 15K;
TPOSM - Sticker - 40x40 cm - Sticker Chromo - SAI12 16K;