2026-00194983-0039,TPOSM - Sunscreen Without Velcro - 0.5x1 m - Vinyl FF Frontlight 10 Oz - DPP12 20K
2026-00194983-0040,TPOSM - Sunscreen Without Velcro - 0.7x2 m - Vinyl FF Frontlight 10 Oz - DPP12 20K
2026-00194983-0041,TPOSM - Sunscreen Without Velcro - 0.7x3 m - Vinyl FF Frontlight 10 Oz - DPP12 20K
2026-00194983-0042,TPOSM - Sunscreen Without Velcro - 0.7x4 m - Vinyl FF Frontlight 10 Oz - DPP12 20K
2026-00194983-0043,TPOSM - Sunscreen Without Velcro - 1x2 m - Vinyl FF Frontlight 10 Oz - DPP12 20K
2026-00194983-0044,TPOSM - Sunscreen Without Velcro - 1x3 m - Vinyl FF Frontlight 10 Oz - DPP12 20K
2026-00194983-0045,TPOSM - Sunscreen Without Velcro - 1x4 m - Vinyl FF Frontlight 10 Oz - DPP12 20K
2026-00194983-0046,TPOSM - Sticker - 40x40 cm - Sticker Chromo - DPP12 20K
2026-00194983-0052,GT SRC - Snap Frame (V) - 80x40 cm - Photopaper - DPP12 20K
2026-00194983-0053,GT SRC - Snap Frame (H) - 40x80 cm - Photopaper - DPP12 20K
2026-00194983-0059,GT Stand Alone - Shop Sign Pole (V) - 200x100 cm - Sticker Blockout - DPP12 20K
2026-00194983-0060,GT Stand Alone - Tin Plate (H) - 100x200 cm - Sticker Blockout - DPP12 20K
2026-00194983-0061,GT Stand Alone - TTD Big (H) - 25.5x72.5 cm - Art Carton - DPP12 20K
2026-00194983-0062,GT Stand Alone - TTD Medium (H) - 20x58 cm - Art Carton - DPP12 20K
2026-00194983-0063,GT Stand Alone - TTD Fit (H) - 15x40 cm - Art Carton - DPP12 20K
2026-00194983-0071,WS Mitra Sampoerna - Info Board (H) - 44.5x46.5 cm - Photopaper - DPP12 20K
2026-00194983-0049,GT SRC - Shop Sign Pole (V) - 200x100 cm - Sticker Blockout - DPP12 20K
2026-00194983-0054,GT SRC - Backwall Topline (H) - 40x120 cm - Duratrans - DPP12 20K
2026-00194983-0055,GT SRC - New Backwall SRC 2017 (H) - 99.5x56.5 cm - Duratrans - DPP12 20K
2026-00194983-0056,GT SRC - New Cigarette Cabinet SRC 2017 (H) - 99.5x56.5 cm - Duratrans - DPP12 20K
2026-00194983-0058,GT SRC - Cigarette Cabinet Gen 1 (H) - 25.5x72.5 cm - Photopaper - DPP12 20K
2026-00194983-0067,WS Mitra Sampoerna - Header Backwall (H) - 44.5x46.5 cm - Photopaper - DPP12 20K
2026-00194983-0068,WS Mitra Sampoerna - Header Backwall (H) - 44.5x96.5 cm - Photopaper - DPP12 20K
2026-00194983-0072,WS Mitra Sampoerna - Info Board (H) - 44.5x71.5 cm - Photopaper - DPP12 20K
2026-00194983-0057,GT SRC - Backwall Expose (H) - 45x100 cm - Duratrans - DPP12 20K
2026-00194983-0064,WS Mitra Sampoerna - Shop Sign Mitra Sampoerna (H) - 90x140 cm - Vinyl FF Frontlight - DPP12 20K
2026-00194983-0065,WS Mitra Sampoerna - Header Backwall (H) - 48x47.5 cm - Photopaper - DPP12 20K
2026-00194983-0066,WS Mitra Sampoerna - Header Backwall (H) - 48x97.5 cm - Photopaper - DPP12 20K
2026-00194983-0047,GT SRC - Shop Sign SRC Elevate (H) - 94x164 cm - Vinyl FF Backlite - DPP12 20K
2026-00194983-0073,WS Mitra Sampoerna - Info Board (H) - 48x47.5 cm - Photopaper - DPP12 20K
2026-00194983-0074,WS Mitra Sampoerna - Info Board (H) - 48x72.5 cm - Photopaper - DPP12 20K
2026-00194983-0075,WS Stand Alone - Shop Sign Non Pole (H) - 100x400 cm - Sticker Blockout - DPP12 20K
2026-00194983-0048,GT SRC - Shop Sign SRC Elevate (H) - 94x518 cm - Vinyl FF Backlite - DPP12 20K
2026-00194983-0076,WS Stand Alone - Shop Sign Non Pole (H) - 100x600 cm - Sticker Blockout - DPP12 20K
2026-00194983-0050,GT SRC - Backwall SRC Elevate (H) - 27.7x97.7 cm - Duratrans - DPP12 20K
2026-00194983-0051,GT SRC - Waterfall Backwall SRC Elevate (H) - 27.7x47.6 cm - Duratrans - DPP12 20K
2026-00194983-0069,WS Mitra Sampoerna - Header Backwall (H) - 44.5x320 cm - Photopaper - DPP12 20K
2026-00194983-0070,WS Mitra Sampoerna - Header Backwall (H) - 44.5x290 cm - Photopaper - DPP12 20K
2026-00194998-0001,TPOSM - Sunscreen Without Velcro - 0.5x1 m - Vinyl FF Frontlight 10 Oz - DSB12
2026-00194998-0002,TPOSM - Sunscreen Without Velcro - 0.7x2 m - Vinyl FF Frontlight 10 Oz - DSB12
2026-00194998-0003,TPOSM - Sunscreen Without Velcro - 0.7x3 m - Vinyl FF Frontlight 10 Oz - DSB12
2026-00194998-0004,TPOSM - Sunscreen Without Velcro - 0.7x4 m - Vinyl FF Frontlight 10 Oz - DSB12
2026-00194998-0005,TPOSM - Sunscreen Without Velcro - 1x2 m - Vinyl FF Frontlight 10 Oz - DSB12
2026-00194998-0006,TPOSM - Sunscreen Without Velcro - 1x3 m - Vinyl FF Frontlight 10 Oz - DSB12
2026-00194998-0007,TPOSM - Sunscreen Without Velcro - 1x4 m - Vinyl FF Frontlight 10 Oz - DSB12
2026-00194998-0008,GT SRC - Snap Frame (V) - 80x40 cm - Photopaper - DSB12
2026-00194998-0010,GT SRC - New Backwall SRC 2017 (H) - 99.5x56.5 cm - Duratrans - DSB12
2026-00194998-0011,GT SRC - New Cigarette Cabinet SRC 2017 (H) - 99.5x56.5 cm - Duratrans - DSB12
2026-00194998-0021,WS Mitra Sampoerna - Info Board (H) - 44.5x46.5 cm - Photopaper - DSB12
2026-00194998-0013,GT Stand Alone - TTD Big (H) - 25.5x72.5 cm - Art Carton - DSB12
2026-00194998-0014,GT Stand Alone - TTD Medium (H) - 20x58 cm - Art Carton - DSB12
2026-00194998-0015,GT Stand Alone - TTD Fit (H) - 15x40 cm - Art Carton - DSB12
2026-00194998-0009,GT SRC - Snap Frame (H) - 40x80 cm - Photopaper - DSB12
2026-00194998-0012,GT SRC - Cigarette Cabinet Gen 1 (H) - 25.5x72.5 cm - Photopaper - DSB12
2026-00194998-0018,WS Mitra Sampoerna - Header Backwall (H) - 44.5x46.5 cm - Photopaper - DSB12
2026-00194998-0016,WS Mitra Sampoerna - Header Backwall (H) - 48x47.5 cm - Photopaper - DSB12
2026-00194998-0017,WS Mitra Sampoerna - Header Backwall (H) - 48x97.5 cm - Photopaper - DSB12
2026-00194998-0019,WS Mitra Sampoerna - Header Backwall (H) - 44.5x96.5 cm - Photopaper - DSB12
2026-00194998-0020,WS Mitra Sampoerna - Header Backwall (H) - 44.5x320 cm - Photopaper - DSB12
2026-00195039-0001,TPOSM - Sunscreen Without Velcro - 0.5x1 m - Vinyl FF Frontlight 10 Oz - DSE12 25K
2026-00195039-0002,TPOSM - Sunscreen Without Velcro - 0.7x2 m - Vinyl FF Frontlight 10 Oz - DSE12 25K
2026-00195039-0003,TPOSM - Sunscreen Without Velcro - 0.7x3 m - Vinyl FF Frontlight 10 Oz - DSE12 25K
2026-00195039-0004,TPOSM - Sunscreen Without Velcro - 0.7x4 m - Vinyl FF Frontlight 10 Oz - DSE12 25K
2026-00195039-0005,TPOSM - Sunscreen Without Velcro - 1x2 m - Vinyl FF Frontlight 10 Oz - DSE12 25K
2026-00195039-0006,TPOSM - Sunscreen Without Velcro - 1x3 m - Vinyl FF Frontlight 10 Oz - DSE12 25K
2026-00195039-0007,TPOSM - Sunscreen Without Velcro - 1x4 m - Vinyl FF Frontlight 10 Oz - DSE12 25K
2026-00195039-0008,TPOSM - Sticker - 40x40 cm - Sticker Chromo - DSE12 25K
2026-00195039-0009,GT SRC - Shop Sign Pole (V) - 200x100 cm - Sticker Blockout - DSE12 25K
2026-00195039-0011,GT SRC - Snap Frame (V) - 80x40 cm - Photopaper - DSE12 25K
2026-00195039-0012,GT SRC - Snap Frame (H) - 40x80 cm - Photopaper - DSE12 25K
2026-00195039-0013,GT Stand Alone - Shop Sign Pole (V) - 200x100 cm - Sticker Blockout - DSE12 25K
2026-00195039-0014,GT Stand Alone - Tin Plate (H) - 100x200 cm - Sticker Blockout - DSE12 25K
2026-00195039-0015,GT Stand Alone - TTD Big (H) - 25.5x72.5 cm - Art Carton - DSE12 25K
2026-00195039-0016,GT Stand Alone - TTD Medium (H) - 20x58 cm - Art Carton - DSE12 25K
2026-00195039-0017,GT Stand Alone - TTD Fit (H) - 15x40 cm - Art Carton - DSE12 25K
2026-00195039-0018,WS Mitra Sampoerna - Shop Sign Mitra Sampoerna (H) - 90x140 cm - Vinyl FF Frontlight - DSE12 25K
2026-00195039-0019,WS Mitra Sampoerna - Header Backwall (H) - 48x47.5 cm - Photopaper - DSE12 25K
2026-00195039-0021,WS Mitra Sampoerna - Header Backwall (H) - 44.5x46.5 cm - Photopaper - DSE12 25K
2026-00195039-0022,WS Mitra Sampoerna - Info Board (H) - 44.5x46.5 cm - Photopaper - DSE12 25K
2026-00195039-0010,GT SRC - Backwall SRC Elevate (H) - 27.7x97.7 cm - Duratrans - DSE12 25K
2026-00195039-0020,WS Mitra Sampoerna - Header Backwall (H) - 48x97.5 cm - Photopaper - DSE12 25K
2026-00195039-0023,WS Mitra Sampoerna - Info Board (H) - 44.5x71.5 cm - Photopaper - DSE12 25K
2026-00195039-0024,WS Mitra Sampoerna - Info Board (H) - 48x47.5 cm - Photopaper - DSE12 25K
2026-00195039-0025,WS Mitra Sampoerna - Info Board (H) - 48x72.5 cm - Photopaper - DSE12 25K
2026-00195039-0026,WS Stand Alone - Shop Sign Non Pole (H) - 100x400 cm - Sticker Blockout - DSE12 25K
2026-00195039-0027,WS Stand Alone - Shop Sign Non Pole (H) - 100x600 cm - Sticker Blockout - DSE12 25K
2026-00194992-0002,TPOSM - Sunscreen Without Velcro - 0.7x2 m - Vinyl FF Frontlight 10 Oz - MFB12
2026-00194992-0003,TPOSM - Sunscreen Without Velcro - 0.7x3 m - Vinyl FF Frontlight 10 Oz - MFB12
2026-00194992-0004,TPOSM - Sunscreen Without Velcro - 0.7x4 m - Vinyl FF Frontlight 10 Oz - MFB12
2026-00194992-0005,TPOSM - Sunscreen Without Velcro - 1x2 m - Vinyl FF Frontlight 10 Oz - MFB12
2026-00194992-0006,TPOSM - Sunscreen Without Velcro - 1x3 m - Vinyl FF Frontlight 10 Oz - MFB12
2026-00194992-0007,TPOSM - Sunscreen Without Velcro - 1x4 m - Vinyl FF Frontlight 10 Oz - MFB12
2026-00194992-0008,TPOSM - Sticker - 40x40 cm - Sticker Chromo - MFB12
2026-00194992-0009,GT SRC - Shop Sign SRC Elevate (H) - 94x164 cm - Vinyl FF Backlite - MFB12
2026-00194992-0010,GT SRC - Shop Sign SRC Elevate (H) - 94x518 cm - Vinyl FF Backlite - MFB12
2026-00194992-0011,GT SRC - Shop Sign Pole (V) - 200x100 cm - Sticker Blockout - MFB12
2026-00194992-0014,GT SRC - Snap Frame (V) - 80x40 cm - Photopaper - MFB12
2026-00194992-0015,GT SRC - Snap Frame (H) - 40x80 cm - Photopaper - MFB12
2026-00194992-0016,GT SRC - Backwall Topline (H) - 40x120 cm - Duratrans - MFB12
2026-00194992-0017,GT SRC - New Backwall SRC 2017 (H) - 99.5x56.5 cm - Duratrans - MFB12
2026-00194992-0018,GT SRC - New Cigarette Cabinet SRC 2017 (H) - 99.5x56.5 cm - Duratrans - MFB12
2026-00194992-0020,GT SRC - Cigarette Cabinet Gen 1 (H) - 25.5x72.5 cm - Photopaper - MFB12
2026-00194992-0021,GT Stand Alone - Shop Sign Pole (V) - 200x100 cm - Sticker Blockout - MFB12
2026-00194992-0022,GT Stand Alone - Tin Plate (H) - 100x200 cm - Sticker Blockout - MFB12
2026-00194992-0023,GT Stand Alone - TTD Big (H) - 25.5x72.5 cm - Art Carton - MFB12
2026-00194992-0024,GT Stand Alone - TTD Medium (H) - 20x58 cm - Art Carton - MFB12
2026-00194992-0025,GT Stand Alone - TTD Fit (H) - 15x40 cm - Art Carton - MFB12
2026-00194992-0026,WS Mitra Sampoerna - Shop Sign Mitra Sampoerna (H) - 90x140 cm - Vinyl FF Frontlight - MFB12
2026-00194992-0030,WS Mitra Sampoerna - Info Board (H) - 44.5x46.5 cm - Photopaper - MFB12
2026-00194992-0001,TPOSM - Sunscreen Without Velcro - 0.5x1 m - Vinyl FF Frontlight 10 Oz - MFB12
2026-00194992-0019,GT SRC - Backwall Expose (H) - 45x100 cm - Duratrans - MFB12
2026-00194992-0027,WS Mitra Sampoerna - Header Backwall (H) - 48x47.5 cm - Photopaper - MFB12
2026-00194992-0028,WS Mitra Sampoerna - Header Backwall (H) - 48x97.5 cm - Photopaper - MFB12
2026-00194992-0033,WS Stand Alone - Shop Sign Non Pole (H) - 100x400 cm - Sticker Blockout - MFB12
2026-00194992-0034,WS Stand Alone - Shop Sign Non Pole (H) - 100x600 cm - Sticker Blockout - MFB12
2026-00194992-0012,GT SRC - Backwall SRC Elevate (H) - 27.7x97.7 cm - Duratrans - MFB12
2026-00194992-0013,GT SRC - Waterfall Backwall SRC Elevate (H) - 27.7x47.6 cm - Duratrans - MFB12
2026-00194992-0029,WS Mitra Sampoerna - Header Backwall (H) - 44.5x46.5 cm - Photopaper - MFB12
2026-00194992-0031,WS Mitra Sampoerna - Info Board (H) - 44.5x71.5 cm - Photopaper - MFB12
2026-00194992-0032,WS Mitra Sampoerna - Info Board (H) - 48x72.5 cm - Photopaper - MFB12
2026-00194995-0075,TPOSM - Sunscreen Without Velcro - 0.5x1 m - Vinyl FF Frontlight 10 Oz - MFB20
2026-00194995-0076,TPOSM - Sunscreen Without Velcro - 0.7x2 m - Vinyl FF Frontlight 10 Oz - MFB20
2026-00194995-0077,TPOSM - Sunscreen Without Velcro - 0.7x3 m - Vinyl FF Frontlight 10 Oz - MFB20
2026-00194995-0078,TPOSM - Sunscreen Without Velcro - 0.7x4 m - Vinyl FF Frontlight 10 Oz - MFB20
2026-00194995-0079,TPOSM - Sunscreen Without Velcro - 1x2 m - Vinyl FF Frontlight 10 Oz - MFB20
2026-00194995-0080,TPOSM - Sunscreen Without Velcro - 1x3 m - Vinyl FF Frontlight 10 Oz - MFB20
2026-00194995-0081,TPOSM - Sunscreen Without Velcro - 1x4 m - Vinyl FF Frontlight 10 Oz - MFB20
2026-00194995-0082,TPOSM - Sticker - 40x40 cm - Sticker Chromo - MFB20
2026-00194995-0085,GT SRC - Shop Sign Pole (V) - 200x100 cm - Sticker Blockout - MFB20
2026-00194995-0088,GT SRC - Snap Frame (V) - 80x40 cm - Photopaper - MFB20
2026-00194995-0091,GT SRC - New Backwall SRC 2017 (H) - 99.5x56.5 cm - Duratrans - MFB20
2026-00194995-0092,GT SRC - New Cigarette Cabinet SRC 2017 (H) - 99.5x56.5 cm - Duratrans - MFB20
2026-00194995-0095,GT Stand Alone - Shop Sign Pole (V) - 200x100 cm - Sticker Blockout - MFB20
2026-00194995-0096,GT Stand Alone - Tin Plate (H) - 100x200 cm - Sticker Blockout - MFB20
2026-00194995-0100,WS Mitra Sampoerna - Shop Sign Mitra Sampoerna (H) - 90x140 cm - Vinyl FF Frontlight - MFB20
2026-00194995-0106,WS Mitra Sampoerna - Header Backwall (H) - 44.5x290 cm - Photopaper - MFB20
2026-00194995-0107,WS Mitra Sampoerna - Info Board (H) - 44.5x46.5 cm - Photopaper - MFB20
2026-00194995-0111,WS Stand Alone - Shop Sign Non Pole (H) - 100x600 cm - Sticker Blockout - MFB20
2026-00194995-0083,GT SRC - Shop Sign SRC Elevate (H) - 94x164 cm - Vinyl FF Backlite - MFB20
2026-00194995-0094,GT SRC - Cigarette Cabinet Gen 1 (H) - 25.5x72.5 cm - Photopaper - MFB20
2026-00194995-0097,GT Stand Alone - TTD Big (H) - 25.5x72.5 cm - Art Carton - MFB20
2026-00194995-0098,GT Stand Alone - TTD Medium (H) - 20x58 cm - Art Carton - MFB20
2026-00194995-0099,GT Stand Alone - TTD Fit (H) - 15x40 cm - Art Carton - MFB20
2026-00194995-0086,GT SRC - Backwall SRC Elevate (H) - 27.7x97.7 cm - Duratrans - MFB20
2026-00194995-0087,GT SRC - Waterfall Backwall SRC Elevate (H) - 27.7x47.6 cm - Duratrans - MFB20
2026-00194995-0089,GT SRC - Snap Frame (H) - 40x80 cm - Photopaper - MFB20
2026-00194995-0090,GT SRC - Backwall Topline (H) - 40x120 cm - Duratrans - MFB20
2026-00194995-0101,WS Mitra Sampoerna - Header Backwall (H) - 48x47.5 cm - Photopaper - MFB20
2026-00194995-0102,WS Mitra Sampoerna - Header Backwall (H) - 48x97.5 cm - Photopaper - MFB20
2026-00194995-0103,WS Mitra Sampoerna - Header Backwall (H) - 44.5x46.5 cm - Photopaper - MFB20
2026-00194995-0104,WS Mitra Sampoerna - Header Backwall (H) - 44.5x96.5 cm - Photopaper - MFB20
2026-00194995-0108,WS Mitra Sampoerna - Info Board (H) - 44.5x71.5 cm - Photopaper - MFB20
2026-00194995-0110,WS Stand Alone - Shop Sign Non Pole (H) - 100x400 cm - Sticker Blockout - MFB20
2026-00194995-0109,WS Mitra Sampoerna - Info Board (H) - 48x72.5 cm - Photopaper - MFB20
2026-00194995-0105,WS Mitra Sampoerna - Header Backwall (H) - 44.5x320 cm - Photopaper - MFB20
2026-00194995-0084,GT SRC - Shop Sign SRC Elevate (H) - 94x518 cm - Vinyl FF Backlite - MFB20
2026-00194995-0093,GT SRC - Backwall Expose (H) - 45x100 cm - Duratrans - MFB20
2026-00194987-0008,GT SRC - Snap Frame (V) - 80x40 cm - Photopaper - MFM12
2026-00194987-0014,GT Stand Alone - TTD Big (H) - 25.5x72.5 cm - Art Carton - MFM12
2026-00194987-0015,GT Stand Alone - TTD Medium (H) - 20x58 cm - Art Carton - MFM12
2026-00194987-0016,GT Stand Alone - TTD Fit (H) - 15x40 cm - Art Carton - MFM12
2026-00194987-0017,WS Mitra Sampoerna - Header Backwall (H) - 48x47.5 cm - Photopaper - MFM12
2026-00194987-0018,WS Mitra Sampoerna - Header Backwall (H) - 48x97.5 cm - Photopaper - MFM12
2026-00194987-0019,WS Mitra Sampoerna - Header Backwall (H) - 44.5x46.5 cm - Photopaper - MFM12
2026-00194987-0009,GT SRC - Snap Frame (H) - 40x80 cm - Photopaper - MFM12
2026-00194987-0020,WS Mitra Sampoerna - Header Backwall (H) - 44.5x96.5 cm - Photopaper - MFM12
2026-00194987-0021,WS Mitra Sampoerna - Header Backwall (H) - 44.5x320 cm - Photopaper - MFM12
2026-00194987-0022,WS Mitra Sampoerna - Header Backwall (H) - 44.5x290 cm - Photopaper - MFM12
2026-00194987-0024,WS Mitra Sampoerna - Info Board (H) - 48x47.5 cm - Photopaper - MFM12
2026-00194987-0025,WS Mitra Sampoerna - Info Board (H) - 48x72.5 cm - Photopaper - MFM12
2026-00194987-0023,WS Mitra Sampoerna - Info Board (H) - 44.5x71.5 cm - Photopaper - MFM12
2026-00194987-0007,GT SRC - Backwall SRC Elevate (H) - 27.7x97.7 cm - Duratrans - MFM12
2026-00194987-0010,GT SRC - Backwall Topline (H) - 40x120 cm - Duratrans - MFM12
2026-00194987-0011,GT SRC - New Backwall SRC 2017 (H) - 99.5x56.5 cm - Duratrans - MFM12
2026-00194987-0012,GT SRC - New Cigarette Cabinet SRC 2017 (H) - 99.5x56.5 cm - Duratrans - MFM12
2026-00194987-0013,GT SRC - Cigarette Cabinet Gen 1 (H) - 25.5x72.5 cm - Photopaper - MFM12
2026-00194987-0001,TPOSM - Sunscreen Without Velcro - 0.5x1 m - Vinyl FF Frontlight 10 Oz - MFM12
2026-00194987-0002,TPOSM - Sunscreen Without Velcro - 0.7x2 m - Vinyl FF Frontlight 10 Oz - MFM12
2026-00194987-0003,TPOSM - Sunscreen Without Velcro - 0.7x3 m - Vinyl FF Frontlight 10 Oz - MFM12
2026-00194987-0004,TPOSM - Sunscreen Without Velcro - 1x2 m - Vinyl FF Frontlight 10 Oz - MFM12
2026-00194987-0005,TPOSM - Sunscreen Without Velcro - 1x3 m - Vinyl FF Frontlight 10 Oz - MFM12
2026-00194987-0006,TPOSM - Sticker - 40x40 cm - Sticker Chromo - MFM12
2026-00194988-0002,TPOSM - Sunscreen Without Velcro - 0.7x2 m - Vinyl FF Frontlight 10 Oz - MFM20
2026-00194988-0003,TPOSM - Sunscreen Without Velcro - 0.7x3 m - Vinyl FF Frontlight 10 Oz - MFM20
2026-00194988-0004,TPOSM - Sunscreen Without Velcro - 0.7x4 m - Vinyl FF Frontlight 10 Oz - MFM20
2026-00194988-0005,TPOSM - Sunscreen Without Velcro - 1x2 m - Vinyl FF Frontlight 10 Oz - MFM20
2026-00194988-0006,TPOSM - Sunscreen Without Velcro - 1x3 m - Vinyl FF Frontlight 10 Oz - MFM20
2026-00194988-0008,TPOSM - Sticker - 40x40 cm - Sticker Chromo - MFM20
2026-00194988-0020,GT Stand Alone - TTD Big (H) - 25.5x72.5 cm - Art Carton - MFM20
2026-00194988-0021,GT Stand Alone - TTD Medium (H) - 20x58 cm - Art Carton - MFM20
2026-00194988-0022,GT Stand Alone - TTD Fit (H) - 15x40 cm - Art Carton - MFM20
2026-00194988-0001,TPOSM - Sunscreen Without Velcro - 0.5x1 m - Vinyl FF Frontlight 10 Oz - MFM20
2026-00194988-0007,TPOSM - Sunscreen Without Velcro - 1x4 m - Vinyl FF Frontlight 10 Oz - MFM20
2026-00194988-0011,GT SRC - Snap Frame (V) - 80x40 cm - Photopaper - MFM20
2026-00194988-0014,GT SRC - New Backwall SRC 2017 (H) - 99.5x56.5 cm - Duratrans - MFM20
2026-00194988-0015,GT SRC - New Cigarette Cabinet SRC 2017 (H) - 99.5x56.5 cm - Duratrans - MFM20
2026-00194988-0028,WS Mitra Sampoerna - Header Backwall (H) - 44.5x290 cm - Photopaper - MFM20
2026-00194988-0029,WS Mitra Sampoerna - Info Board (H) - 44.5x46.5 cm - Photopaper - MFM20
2026-00194988-0012,GT SRC - Snap Frame (H) - 40x80 cm - Photopaper - MFM20
2026-00194988-0013,GT SRC - Backwall Topline (H) - 40x120 cm - Duratrans - MFM20
2026-00194988-0017,GT SRC - Cigarette Cabinet Gen 1 (H) - 25.5x72.5 cm - Photopaper - MFM20
2026-00194988-0024,WS Mitra Sampoerna - Header Backwall (H) - 48x47.5 cm - Photopaper - MFM20
2026-00194988-0025,WS Mitra Sampoerna - Header Backwall (H) - 48x97.5 cm - Photopaper - MFM20
2026-00194988-0026,WS Mitra Sampoerna - Header Backwall (H) - 44.5x46.5 cm - Photopaper - MFM20
2026-00194988-0027,WS Mitra Sampoerna - Header Backwall (H) - 44.5x96.5 cm - Photopaper - MFM20
2026-00194988-0031,WS Mitra Sampoerna - Info Board (H) - 48x47.5 cm - Photopaper - MFM20
2026-00194988-0032,WS Mitra Sampoerna - Info Board (H) - 48x72.5 cm - Photopaper - MFM20
2026-00194988-0016,GT SRC - Backwall Expose (H) - 45x100 cm - Duratrans - MFM20
2026-00194988-0009,GT SRC - Shop Sign SRC Elevate (H) - 94x164 cm - Vinyl FF Backlite - MFM20
2026-00194988-0010,GT SRC - Shop Sign Pole (V) - 200x100 cm - Sticker Blockout - MFM20
2026-00194988-0018,GT Stand Alone - Shop Sign Pole (V) - 200x100 cm - Sticker Blockout - MFM20
2026-00194988-0019,GT Stand Alone - Tin Plate (H) - 100x200 cm - Sticker Blockout - MFM20
2026-00194988-0023,WS Mitra Sampoerna - Shop Sign Mitra Sampoerna (H) - 90x140 cm - Vinyl FF Frontlight - MFM20
2026-00194988-0030,WS Mitra Sampoerna - Info Board (H) - 44.5x71.5 cm - Photopaper - MFM20
2026-00194988-0033,WS Stand Alone - Shop Sign Non Pole (H) - 100x400 cm - Sticker Blockout - MFM20
2026-00195038-0015,GT SRC - Snap Frame (V) - 80x40 cm - Photopaper - MLA16 35K
2026-00195038-0016,GT SRC - Snap Frame (H) - 40x80 cm - Photopaper - MLA16 35K
2026-00195038-0022,GT Stand Alone - Shop Sign Pole (V) - 200x100 cm - Sticker Blockout - MLA16 35K
2026-00195038-0023,GT Stand Alone - Tin Plate (H) - 100x200 cm - Sticker Blockout - MLA16 35K
2026-00195038-0024,GT Stand Alone - TTD Big (H) - 25.5x72.5 cm - Art Carton - MLA16 35K
2026-00195038-0025,GT Stand Alone - TTD Medium (H) - 20x58 cm - Art Carton - MLA16 35K
2026-00195038-0026,GT Stand Alone - TTD Fit (H) - 15x40 cm - Art Carton - MLA16 35K
2026-00195038-0034,WS Mitra Sampoerna - Info Board (H) - 44.5x46.5 cm - Photopaper - MLA16 35K
2026-00195038-0012,GT SRC - Shop Sign Pole (V) - 200x100 cm - Sticker Blockout - MLA16 35K
2026-00195038-0017,GT SRC - Backwall Topline (H) - 40x120 cm - Duratrans - MLA16 35K
2026-00195038-0018,GT SRC - New Backwall SRC 2017 (H) - 99.5x56.5 cm - Duratrans - MLA16 35K
2026-00195038-0019,GT SRC - New Cigarette Cabinet SRC 2017 (H) - 99.5x56.5 cm - Duratrans - MLA16 35K
2026-00195038-0021,GT SRC - Cigarette Cabinet Gen 1 (H) - 25.5x72.5 cm - Photopaper - MLA16 35K
2026-00195038-0030,WS Mitra Sampoerna - Header Backwall (H) - 44.5x46.5 cm - Photopaper - MLA16 35K
2026-00195038-0031,WS Mitra Sampoerna - Header Backwall (H) - 44.5x96.5 cm - Photopaper - MLA16 35K
2026-00195038-0035,WS Mitra Sampoerna - Info Board (H) - 44.5x71.5 cm - Photopaper - MLA16 35K
2026-00195038-0003,TPOSM - Sunscreen Without Velcro - 0.5x1 m - Vinyl FF Frontlight 10 Oz - MLA16 35K
2026-00195038-0004,TPOSM - Sunscreen Without Velcro - 0.7x2 m - Vinyl FF Frontlight 10 Oz - MLA16 35K
2026-00195038-0005,TPOSM - Sunscreen Without Velcro - 0.7x3 m - Vinyl FF Frontlight 10 Oz - MLA16 35K
2026-00195038-0006,TPOSM - Sunscreen Without Velcro - 0.7x4 m - Vinyl FF Frontlight 10 Oz - MLA16 35K
2026-00195038-0007,TPOSM - Sunscreen Without Velcro - 1x2 m - Vinyl FF Frontlight 10 Oz - MLA16 35K
2026-00195038-0008,TPOSM - Sunscreen Without Velcro - 1x3 m - Vinyl FF Frontlight 10 Oz - MLA16 35K
2026-00195038-0009,TPOSM - Sunscreen Without Velcro - 1x4 m - Vinyl FF Frontlight 10 Oz - MLA16 35K
2026-00195038-0010,TPOSM - Sticker - 40x40 cm - Sticker Chromo - MLA16 35K
2026-00195038-0013,GT SRC - Backwall SRC Elevate (H) - 27.7x97.7 cm - Duratrans - MLA16 35K
2026-00195038-0014,GT SRC - Waterfall Backwall SRC Elevate (H) - 27.7x47.6 cm - Duratrans - MLA16 35K
2026-00195038-0028,WS Mitra Sampoerna - Header Backwall (H) - 48x47.5 cm - Photopaper - MLA16 35K
2026-00195038-0029,WS Mitra Sampoerna - Header Backwall (H) - 48x97.5 cm - Photopaper - MLA16 35K
2026-00195038-0032,WS Mitra Sampoerna - Header Backwall (H) - 44.5x320 cm - Photopaper - MLA16 35K
2026-00195038-0033,WS Mitra Sampoerna - Header Backwall (H) - 44.5x290 cm - Photopaper - MLA16 35K
2026-00195038-0027,WS Mitra Sampoerna - Shop Sign Mitra Sampoerna (H) - 90x140 cm - Vinyl FF Frontlight - MLA16 35K
2026-00195038-0020,GT SRC - Backwall Expose (H) - 45x100 cm - Duratrans - MLA16 35K
2026-00195038-0037,WS Stand Alone - Shop Sign Non Pole (H) - 100x600 cm - Sticker Blockout - MLA16 35K
2026-00195038-0011,GT SRC - Shop Sign SRC Elevate (H) - 94x164 cm - Vinyl FF Backlite - MLA16 35K
2026-00195038-0036,WS Stand Alone - Shop Sign Non Pole (H) - 100x400 cm - Sticker Blockout - MLA16 35K
2026-00194985-0001,TPOSM - Sticker - 40x40 cm - Sticker Chromo - SAI12 16K
2026-00194984-0001,TPOSM - Sunscreen Without Velcro - 0.5x1 m - Vinyl FF Frontlight 10 Oz - SPS12 15K
2026-00194984-0002,TPOSM - Sunscreen Without Velcro - 0.7x2 m - Vinyl FF Frontlight 10 Oz - SPS12 15K
2026-00194984-0003,TPOSM - Sunscreen Without Velcro - 0.7x3 m - Vinyl FF Frontlight 10 Oz - SPS12 15K
2026-00194984-0004,TPOSM - Sunscreen Without Velcro - 0.7x4 m - Vinyl FF Frontlight 10 Oz - SPS12 15K
2026-00194984-0005,TPOSM - Sunscreen Without Velcro - 1x2 m - Vinyl FF Frontlight 10 Oz - SPS12 15K
2026-00194984-0006,TPOSM - Sunscreen Without Velcro - 1x3 m - Vinyl FF Frontlight 10 Oz - SPS12 15K
2026-00194984-0007,TPOSM - Sunscreen Without Velcro - 1x4 m - Vinyl FF Frontlight 10 Oz - SPS12 15K
2026-00194984-0008,TPOSM - Sticker - 40x40 cm - Sticker Chromo - SPS12 15K
2026-00194984-0011,GT SRC - Shop Sign Pole (V) - 200x100 cm - Sticker Blockout - SPS12 15K
2026-00194984-0012,GT SRC - Backwall SRC Elevate (H) - 27.7x97.7 cm - Duratrans - SPS12 15K
2026-00194984-0013,GT SRC - Waterfall Backwall SRC Elevate (H) - 27.7x47.6 cm - Duratrans - SPS12 15K
2026-00194984-0014,GT SRC - Snap Frame (V) - 80x40 cm - Photopaper - SPS12 15K
2026-00194984-0015,GT SRC - Snap Frame (H) - 40x80 cm - Photopaper - SPS12 15K
2026-00194984-0016,GT SRC - Backwall Topline (H) - 40x120 cm - Duratrans - SPS12 15K
2026-00194984-0017,GT SRC - New Backwall SRC 2017 (H) - 99.5x56.5 cm - Duratrans - SPS12 15K
2026-00194984-0018,GT SRC - New Cigarette Cabinet SRC 2017 (H) - 99.5x56.5 cm - Duratrans - SPS12 15K
2026-00194984-0019,GT SRC - Backwall Expose (H) - 45x100 cm - Duratrans - SPS12 15K
2026-00194984-0020,GT SRC - Cigarette Cabinet Gen 1 (H) - 25.5x72.5 cm - Photopaper - SPS12 15K
2026-00194984-0021,GT Stand Alone - Shop Sign Pole (V) - 200x100 cm - Sticker Blockout - SPS12 15K
2026-00194984-0022,GT Stand Alone - Tin Plate (H) - 100x200 cm - Sticker Blockout - SPS12 15K
2026-00194984-0023,GT Stand Alone - TTD Big (H) - 25.5x72.5 cm - Art Carton - SPS12 15K
2026-00194984-0024,GT Stand Alone - TTD Medium (H) - 20x58 cm - Art Carton - SPS12 15K
2026-00194984-0025,GT Stand Alone - TTD Fit (H) - 15x40 cm - Art Carton - SPS12 15K
2026-00194984-0026,WS Mitra Sampoerna - Shop Sign Mitra Sampoerna (H) - 90x140 cm - Vinyl FF Frontlight - SPS12 15K
2026-00194984-0027,WS Mitra Sampoerna - Header Backwall (H) - 48x47.5 cm - Photopaper - SPS12 15K
2026-00194984-0029,WS Mitra Sampoerna - Header Backwall (H) - 44.5x46.5 cm - Photopaper - SPS12 15K
2026-00194984-0033,WS Mitra Sampoerna - Info Board (H) - 44.5x46.5 cm - Photopaper - SPS12 15K
2026-00194984-0009,GT SRC - Shop Sign SRC Elevate (H) - 94x164 cm - Vinyl FF Backlite - SPS12 15K
2026-00194984-0028,WS Mitra Sampoerna - Header Backwall (H) - 48x97.5 cm - Photopaper - SPS12 15K
2026-00194984-0030,WS Mitra Sampoerna - Header Backwall (H) - 44.5x96.5 cm - Photopaper - SPS12 15K
2026-00194984-0031,WS Mitra Sampoerna - Header Backwall (H) - 44.5x320 cm - Photopaper - SPS12 15K
2026-00194984-0032,WS Mitra Sampoerna - Header Backwall (H) - 44.5x290 cm - Photopaper - SPS12 15K
2026-00194984-0035,WS Mitra Sampoerna - Info Board (H) - 48x47.5 cm - Photopaper - SPS12 15K
2026-00194984-0036,WS Mitra Sampoerna - Info Board (H) - 48x72.5 cm - Photopaper - SPS12 15K
2026-00194984-0037,WS Stand Alone - Shop Sign Non Pole (H) - 100x400 cm - Sticker Blockout - SPS12 15K
2026-00194984-0010,GT SRC - Shop Sign SRC Elevate (H) - 94x518 cm - Vinyl FF Backlite - SPS12 15K
2026-00194984-0034,WS Mitra Sampoerna - Info Board (H) - 44.5x71.5 cm - Photopaper - SPS12 15K
2026-00194984-0038,WS Stand Alone - Shop Sign Non Pole (H) - 100x600 cm - Sticker Blockout - SPS12 15K
2026-00195042-0002,TPOSM - Sunscreen Without Velcro - 0.7x2 m - Vinyl FF Frontlight 10 Oz - AVO20
2026-00195042-0003,TPOSM - Sunscreen Without Velcro - 0.7x3 m - Vinyl FF Frontlight 10 Oz - AVO20
2026-00195042-0004,TPOSM - Sunscreen Without Velcro - 0.7x4 m - Vinyl FF Frontlight 10 Oz - AVO20
2026-00195042-0005,TPOSM - Sunscreen Without Velcro - 1x2 m - Vinyl FF Frontlight 10 Oz - AVO20
2026-00195042-0006,TPOSM - Sunscreen Without Velcro - 1x3 m - Vinyl FF Frontlight 10 Oz - AVO20
2026-00195042-0007,TPOSM - Sunscreen Without Velcro - 1x4 m - Vinyl FF Frontlight 10 Oz - AVO20
2026-00195042-0001,TPOSM - Sunscreen Without Velcro - 0.5x1 m - Vinyl FF Frontlight 10 Oz - AVO20
